,text,type,client_gender,client_age
0,"Karin zou beter alleen blijven schrijven. Ik had er niet op gelet dat er verschillende schrijvers hun stuk hadden geschreven maar éénmaal aan het tweede hoofdstuk begonnen had ik het al vlug door!! Neen, geef mij maar de 'zuivere' Slaughters!! Die zijn PRIMA.",0,unk,unk
1,"Geweldig spannend boek, voorál de tweede helft. Zeer prettige schrijfstijl. Mooi hoe alles op het eind in elkaar past. Ik heb het eerste boek ""peperkoekenhuis"" over dezelfde inspecteur niet gelezen maar dit was niet storend. Ben benieuwd naar haar derde boek, wat er bijna zeker zal komen gezien het eind. Het is geen open einde, maar je bent wel nieuwsgierig hoe het inspecteur Conny verder zal vergaan.",1,unk,unk
2,"Robijnrood is het eerste deel van de Edelsteen-trilogie geschreven door de Duitse bestsellerauteur Kerstin Gier. In Nederland is deze trilogie uitgegeven door Blossom Books en omdat de trilogie vijf jaar bestaat in een jubilieumeditie verschenen. Dat houdt onder andere in dat Robijnrood met een andere cover is uitgegeven en dat de pagina’s op de snijkant een rood kleurtje hebben gekregen.    Gwendolyn Sheperd is 16 jaar en woont samen met haar familie in een groot landhuis in hartje Londen. De familie van Gwen is op zijn zachtst gezegd een beetje raar. Gwendolyn kan met geesten praten, oudtante Maddy heeft rare visioenen en in de familie is sprake van een tijdreisgen. Volgens de mythe zou Gwendolyns nichtje Charlotte draagster van dit gen zijn. Zij is immers op 7 oktober geboren, wat volgens de legende dé geboortedatum is van de volgende gendraagster. Toch maakt niet Charlotte de sprong naar het verleden, maar Gwen, die dacht op 8 oktober geboren te zijn. Na deze tijdsprong ontdekt Gwen dat haar familie vele geheimen met zich meedraagt en dat zij in staat is die een voor een te gaan ontdekken. Daarvoor moet ze wel naar het verleden reizen, samen met een wel hele knappe jongen, Gideon. Op wie ze ook nog eens verliefd dreigt te worden.    Elk nieuw hoofdstuk wordt voorafgegaan door afwisselend een gedicht of tekst van Shakespeare of een stukje informatie over het raadsel van het tijdreisgen. Zo wordt er een keer een stamboom van de tijdreizigers gegeven, maar krijgt de lezer ook ervaringen van oude tijdreizigers of regels van het tijdreizen te lezen. Hierdoor wordt de lezer betrokken bij het verhaal en krijgt zij het idee toegelaten te worden tot het raadsel waarmee Gwen geconfronteerd wordt. Bovendien klopt het hele verhaal. Het hele boek past wat dat betreft als een puzzel in elkaar. Gier is voor dit boek naar Londen afgereisd, heeft de geschiedenis bestudeerd en las ze zich onder andere in in de kwantummechanica. Een goede voorbereiding die zeker bij heeft gedragen aan het succes van deze boeken.    Daarnaast weet Gier goed de spanning op te bouwen. Ze laat veel open gaten over, die ze waarschijnlijk in boek 2 en 3 zal invullen. Zo kun je al lezer niet met zekerheid zeggen wie de twee personages in de proloog en epiloog zijn en blijft het geheim dat onthuld zal worden als het bloed van de twaalf tijdreizigers in de chronograaf (het instrument waarmee Gwen kan tijdreizen) zit een heel groot raadsel. Deel 1 dient dus met name om de spanning op te bouwen en om de lezer inzicht te geven in de complexe wereld waarin Gwen terechtkomt.    Ondanks de uitstekende uitwerking en de spanning krijgt dit boek geen 5, maar 4 sterren. Dat komt doordat het tempo in dit eerste deel redelijk laag ligt. Dat is wel begrijpelijk, omdat de situatie waarin Gwen terechtkomt complex te noemen is en omdat er soms met moeilijke termen gesmeten wordt. Er wordt dus veel uitgelegd en er gebeurt redelijk weinig. Toch hindert dat niet tijdens het lezen, omdat de lezer zelf ook ingewijd moet worden in de tijdreiswereld, met alle moeilijke informatie van dien. Robijnrood is dus een prima eerste deel van de trilogie, het maakt de lezer wegwijs en zorgt er zeker voor dat deel 2: Saffierblauw ook bij de boekhandel of bibliotheek gehaald zal worden!",1,unk,unk
3,"Het verhaal start als een vlot geschreven en meeslepend detective-verhaal, maar dat verandert halverwege in een bizar en ongeloofwaardig sf-verhaal. Soms hangt het verhaal met haken en ogen aan elkaar en er worden meermaals zulke sprongen gemaakt, dat je deindruk hebt om enkele hoofdstukken gemist te hebben On The Come Up is een krachtig verhaal over hip hop, vrijheid van meningsuiting en vechten voor je dromen, ook al werken je omstandigheden niet mee. Schrijf je in voor de Epic Reads-leesclub! We gaan Wil van Jeroen Olyslaegers luisteren via de gratis Hebban Luisterboeken-app. Doe je mee? 'Wat beweegt de jonge zwarte deelpachter Tucker Caliban om huis, vee en akkers te vernietigen en met vrouw en kind naar het Noorden te vertrekken?'- Win Uit de maat voor je hele leesgroep!",0,unk,unk
4,"Olivia, journaliste en schrijfster, is net getrouwd met Jay, een succesvol voetbaltrainer. Zij is nieuw in het voetbalwereldje en voelde zich er in Engeland totaal niet in thuis. Nog maar net terug in Nederland, waar ze een frisse start wel ziet zitten, krijgt Jay een contract als voetbaltrainer op Cyprus. Daar gaan ze weer… Gelukkig is het tropische Cyprus héél anders dan Engeland en maakt Kyra daar wel snel vriendinnen onder de andere voetbalvrouwen. Maar dan komt ze er langzaamaan achter dat er een hoop ellende schuilt achter alle glitter en glamour, en dat de mannen (en de vrouwen…) het niet zo nauw nemen met huwelijkse trouw. Zij en Jay zijn anders, zij zijn écht gelukkig samen. Toch?  Wat een heerlijk verhaal is dit! De nuchtere en misschien wat naïeve Olivia is een verademing tussen de ‘echte’ voetbalvrouwen vol uiterlijke schijn. Zij gelooft nog echt in liefde en trouw en je hoopt maar dat haar vertrouwen niet beschaamd wordt.  Het verhaal leest heerlijk vlot, is lekker luchtig, heeft humor en een fijn zomers sfeertje. Een ideaal zomerboek dus! (of daarna om een zonnetje in huis te brengen ;) ) Ik heb van begin tot eind zitten smullen van alle intriges in dit smeuïge verhaal! Het leest als een heerlijk dramatische soap :D Genieten!! 'Wat beweegt de jonge zwarte deelpachter Tucker Caliban om huis, vee en akkers te vernietigen en met vrouw en kind naar het Noorden te vertrekken?'- Win Uit de maat voor je hele leesgroep! 'Het is autobiografisch, helemaal waargebeurd maar toch zie je elementen van fictie in de stijl en vooral de opbouw, dat maakt het des te sterker.' - Win boeken voor je hele leesclub! We gaan Wil van Jeroen Olyslaegers luisteren via de gratis Hebban Luisterboeken-app. Doe je mee?",1,unk,unk
5,"Ik had meer van dit boek verwacht. Normaal gesproken zijn Scandinavische thrillers bloedstollend spannend maar deze niet. Het verhaal kabbelt maar een beetje door en er is geen moment waarvan je denkt: zo wat spannend, ik moet verder lezen. Het heeft op mij geen indruk achter gelaten.",0,unk,unk
6,"Eerder al las ik het boek Superchef van Anne West, ik vond dit een heerlijk boek om te lezen en was daarom erg nieuwsgierig of ik van Lekker is dat! ook zo zou genieten. Het antwoord is JA, ook dit boek vond ik weer geweldig, een echte chicklit met de daarbij behorende ingrediënten, humor en liefde! Er waren momenten tijdens het lezen dat ik echt even hardop zat te lachen, gelukkig lees ik meestal alleen in een ruimte anders zouden mensen nog gaan denken...  Beide hoofdpersonen vond ik sympathiek en ik kon me in beiden goed verplaatsen. De schrijfstijl van Anne West is precies zoals ik het fijn vind, lekker vlotjes zonder poespas. Het verhaal is te luchtig om lang te blijven hangen maar daarom lees ik zo graag een chicklit tussendoor, gewoon lekker lezen en genieten van het verhaal zonder dat je teveel hoeft na te denken. Wat mij betreft een aanrader als je van dit genre houd.",1,unk,unk
7,"Verminkte toekomst is het vierde deel uit de VT-reeks ( alle titels bestaan uit twee woorden beginnend met een V en een T. van Melissa Skaye. met in de hoofdpersonen de rechercheurs Sanne Philips en Luca Borra. Sanne Philips is opgegroeid bij haar groothouders, nadat haar moeder op 10-jarige leeftijd verdween. Vierentwintig jaar later ontvangt Sanne een envelop met daarin de ketting van haar moeder, een cadeau dat zij kort voor de verdwijning zelf aan haar heeft gegeven. Op advies van een paragnost duikt ze naast haar werk haar verleden in. De vermissing van een vrouw en een kindermishandeling slokken bijna al haar tijd op. Samen met haar collega’s zet Sanne haar zoektocht voor en schuwt daarbij niet om risico’s te nemen, of zoals zij zelf zegt, haar onderbuik gevoel te volgen.   Verminkte toekomst is een vlot geschreven spannend verhaal in twee verhaallijnen, waarbij je als lezer wel de verbinding ziet , maar waar de hoofdpersonen geel idee van hebben. Doordat regelmatig een korte toelichting wordt gegeven over gebeurtenissen uit de vorige delen is het boek ook als afzonderlijk deel te lezen. Het boek zit vol actie, hier en daar gruwelijk met een verrassend einde. Een boek wat je achter elkaar uit wil lezen.  Een aanrader voor ieder die van een spannende thriller houdt.  Ik geef het boek 4 sterren . We gaan Wil van Jeroen Olyslaegers luisteren via de gratis Hebban Luisterboeken-app. Doe je mee? 'Het is autobiografisch, helemaal waargebeurd maar toch zie je elementen van fictie in de stijl en vooral de opbouw, dat maakt het des te sterker.' - Win boeken voor je hele leesclub! 'Wat beweegt de jonge zwarte deelpachter Tucker Caliban om huis, vee en akkers te vernietigen en met vrouw en kind naar het Noorden te vertrekken?'- Win Uit de maat voor je hele leesgroep!",1,unk,unk
8,"Voor de Hebban leesclub in feuilletonvorm mocht ik het tweede deel van De Cazaletfamilie lezen. Ik had er zin in! Lezen in feuilletonvorm had ik nog nooit gedaan en de beschrijving van het boek, een familie in de oorlog, klonk interessant. Het tweede boek was zonder het eerste boek te lezen.  Daar wil ik graag anders over adviseren. Dit 2e deel is in het begin heel verwarrend als je niet het 1e deel hebt gelezen én geen stamboom van de familie naast het boek houdt. Het is geen kleine familie, de Cazalets, met alle aanhang, kinderen, personeel, vriendschappen en relaties. Het is moeilijk om overzicht te houden. Zo niet, ondoenlijk. En dat is jammer, want daardoor genoot ik minder van het verhaal.  Het is een mooi verhaal, over een redelijk welgestelde familie in Engeland vlak voor het uitbreken van de oorlog. Je volgt hen gedurende twee jaar en de lezer wordt meegenomen in de gevolgen voor de oorlog voor de burgerij. Er worden voorzorgmaatregelen getroffen, later moeten er dingen op rantsoen, het wordt moeilijker om het huis te verwarmen en de spullen moeten worden gerepareerd i.p.v. vervangen. Ondertussen blijven het natuurlijk mensen, met geheimen, intriges en emoties.  De Tweede Wereldoorlog wordt, voor mij als leek, goed beschreven. Qua tijdspad lijkt het behoorlijk reëel te zijn. Hoe de oorlog steeds meer verweven raakt in de levens van de Cazalets, is mooi gedaan.  Waarom geef ik dan toch maar twee sterren? Ik heb deel 1 niet gelezen, en door het tempo van de leesclub, had ik ook geen tijd om dat deel nog te lezen. Hierdoor miste ik echt essentiële informatie. Ook wordt het verhaal, voor mijn smaak, vanuit te veel personages geschreven. Als lezer leer je zo veel figuren kennen, maar het blijft aan de oppervlakte omdat het er zo veel zijn. Sommige figuren hoeven niet aan bod te komen, en andere figuren mogen (nog) meer aandacht. Ten slotte zijn er erg weinig hoofdstukken en wordt er regelmatig van hak op de tak gesprongen. Hierdoor overkwam het mij nog wel eens dat ik even terug moest lezen of er een bruggetje was, of hoe het verhaal ineens een andere kant op kon gaan, en ik lees het liefste tot het einde van een hoofdstuk, wat er in dit boek voor kan zorgen dat je 150 bladzijden moet lezen in één keer.  Ach, laat ik positief eindigen. Het is een onderhoudend verhaal, en liefhebbers van familieromans kunnen hun hart absoluut ophalen in dit boek.  Neem dan alsjeblieft mijn tip ter harte: lees eerst deel 1 en houd de stamboom naast het boek. We gaan Wil van Jeroen Olyslaegers luisteren via de gratis Hebban Luisterboeken-app. Doe je mee? 'Wat beweegt de jonge zwarte deelpachter Tucker Caliban om huis, vee en akkers te vernietigen en met vrouw en kind naar het Noorden te vertrekken?'- Win Uit de maat voor je hele leesgroep! 'Het is autobiografisch, helemaal waargebeurd maar toch zie je elementen van fictie in de stijl en vooral de opbouw, dat maakt het des te sterker.' - Win boeken voor je hele leesclub!",0,unk,unk
9,"Prachtig boek die ook verfilmd is. Ik heb het boek filmeditie gelezen. Aangrijpend en leerzaam boek, zeker voor de jeugd. Eigenlijk zou iedere tiener dit boek moeten lezen, zodat ze kunnen lezen hoe loverboys te werk gaan. Ook het onderwerp incest komt aan de orde en de gevolgen daarvan. 4 duimpjes",1,unk,unk
10,"Het boek is een volwaardig plot voor de comic 'the coppers'. Zeker aan het einde is het eerder een minder geslaagd humoristisch verhaal. Welke toevalligheden de hoofdpersonen in gans het boek beleven, elkaar doet vinden, de ene schakel met de andere verbinden is niet denkbaar. Hoe op een eenvoudige wijze een gans gesofestikeerd computernetwerk, annex programma door een 'whizkidd' wordt lamgelegd is zwaar gefantaseerd. Ook al omdat er voor de dader geen enkel element in het boek aangeeft dat hij zo een nerd is, integendeel, zijn groot dada is schilderen!  Neen, Cornwell vervalt terug in broodschrijverij met deze drie nieuwe figuren (Hammer, Brazil en West en dus geen Scarpetta). Nochthans was het eerste deel wel beloftevol. Enig pluspunt: een gemakkelijk te lezen ontspannend verhaal wanneer je niet al te nauwkeurig oplet. voor mij slechts twee sterren (met moeite)",0,unk,unk
11,"In The Italian Teacher neemt de Britse schrijver Tom Rachman je mee in een zoektocht naar creativiteit, authenticiteit en erkenning. Niet alleen als kunstenaar, maar ook als vader, zoon en vriend. De belichaming van deze zoektocht in de roman is hoofdpersoon Pinch. Hij is de zoon van de wereldberoemde kunstenaar Bear Bavinsky en zijn muze Natalie. Vanaf een jonge leeftijd leert hij dat het leven van een kunstenaar niet over rozen gaat. Pinch moet vaak de mislukte schilderijen van zijn vader verbranden, maar ziet tegelijkertijd zijn moeder worstelen om überhaupt iets te creëren vanachter haar draaischijf met klei. Enige artistieke pretenties van Pinch zelf worden door zijn vader al snel de kop in gedrukt. Tot verdriet van zijn zoon, maar aan de andere kant zijn vader heeft er kijk op en hij zal wel eerlijk zijn over de kwaliteit van het werk. Pinch gooit zijn artistieke aspiraties overboord en wordt na een aantal omzwervingen in de academische wereld, leraar Italiaans in Londen. Toch blijft de kunstwereld door de bekendheid van zijn vader altijd aanwezig in zijn leven. Het zijn deze inkijkjes in dit gesloten artistieke bolwerk dat The Italian Teacher zo interessant maakt. Rachman stelt tussen de regels grote vragen als: Wat is kunst? En wie bepaalt dat? De werkwijze van kunstcritici en galeriehouders wordt regelmatig tegen het licht gehouden en het meest stuitende voorbeeld komt op het moment dat er na de dood van Bear nieuw werk van hem wordt ontdekt. Kunstcriticus Connor Thomas is niet meteen enthousiast, maar als hij lucht krijgt van het enthousiasme van een galeriehoudster draait zijn houding 180 graden. Van enig cynisme is niets meer te bespeuren en het werk van Bavinsky wordt eenduidig geprezen. De vraagtekens die Rachman stelt bij de authenticiteit van de kunstwereld vormen een opvallende parallel met het leven van hoofdpersoon Pinch. Ook hij test voortdurend de waarde en echtheid van de relaties in zijn leven. Het duidelijkst blijft dit uit de relatie met zijn vader die hij simpelweg adoreert, maar ook in de vriendschappen die hij tijdens zijn leven aanknoopt, blijft de onzekerheid van Pinch de kop opsteken. Soms kan hij simpelweg niet begrijpen waarom mensen liefdesrelaties of vriendschap met hem aanknopen en steekt jaloezie de kop op: ‘Was I always this way, detesting those who outstrip me, at school, in university, in painting…The truth is that I have achieved what I deserve.’ Met The Italian Teacher neemt Rachman niet alleen de kunstwereld op de hak, maar laat hij zien dat je leven voorgeven in de schaduw van een grootheid, een hele kunst is. 'Het is autobiografisch, helemaal waargebeurd maar toch zie je elementen van fictie in de stijl en vooral de opbouw, dat maakt het des te sterker.' - Win boeken voor je hele leesclub! 'Wat beweegt de jonge zwarte deelpachter Tucker Caliban om huis, vee en akkers te vernietigen en met vrouw en kind naar het Noorden te vertrekken?'- Win Uit de maat voor je hele leesgroep! We gaan Wil van Jeroen Olyslaegers luisteren via de gratis Hebban Luisterboeken-app. Doe je mee?",1,unk,unk
12,"Wat een fantastisch bij elkaar bedacht boek. De Graaf van Montechristo en alle andere personen zijn prachtig uitgewerkte karakters en het verhaal is onvoorspelbaar en avontuurlijk. Leest weg als een jongensboek. Wel jammer van de ouderwetse moraal die soms duimendik op de pagina's ligt. Dat zal de tijdsgeest zijn, maar maakt het verhaal helaas wat minder tijdloos.",1,unk,unk
13,"Na 12 ambachten en 13 ongelukken besloot Jim Butcher(Independence, 1971) schrijver te worden. Hij had al 3 boeken af toen hij in 1999 eindelijk een uitgever vond. Sinds zijn debuut schrijft hij elk jaar een boek. Stormnacht behoort tot een serie boeken uit de Dresden Dossiers. Harry Blackstone Copperfield is magiër, de enig openlijk praktiserende professionele magiër in het centrum van Chicago. Op een dag wordt hij gebeld door Karrin Murphy, hoofd van de afdeling Speciale Onderzoeken in Chicago. Zij vraagt Harry naar het Madison Hotel te komen waar de dode lichamen gevonden zijn van Jennifer Stanton, die voor een dure escortservice werkte en Tommy Tomm, lijfwacht van Johnny Marcone, lid van een maffiafamilie. De politie vraag aan magier Harry of hij aanknopingspunten kan vinden voor deze lugubere, middels magie, uitgevoerde moord. Op weg terug naar zijn kantoor wordt hij aangesproken door Johnny Marcone. Hij biedt hem een grote som geld aan om geen actie te ondernemen en geen onderzoek naar de moord te doen. Tevens wordt Harry benaderd door Monica Sells wier man, Victor, al 3 dagen weg is. Voor zijn verdwijning heeft hij boeken gekocht over magie. Harry belooft Monica onderzoek te doen naar haar man.Uiteindelijk blijken beide zaken met elkaar in verband te staan. Kan Harry de waarheid achterhalen? Als je niet geïnteresseerd bent in magie is dit boek niet echt interessant te noemen. Je moet liefhebber van de schrijfstijl en het onderwerp zijn om het boek te kunnen waarderen. Een verhaal over feeën, luchtgeesten, (dochters van) de Witte Raad, Wetten van de Magie, de Doem van Damocles of het Nooitgedacht zal zonder twijfel menigeen de wenkbauwen doen fronsen. Een groot deel van het verhaal speelt zich af in de magische wereld met toverdrankjes, toverspreuken en hulpmiddelen met magische krachten. Mensen veranderen in demonen of monsters. Harry krijgt te maken met reuzeninsecten en andere buitenaardse wezens. Zonder al deze magische toevoegingen had het verhaal spannend kunnen zijn, maar voor de sceptici onder ons is al het bovennatuurlijke te veel ven het goede. In ieder geval te veel om geloofwaardig te zijn. Ook de personages komen niet echt uit de verf. Harry, Karrin, Monica en de anderen raken ondergesneeuwd in het verhaal dat alleen maar draait om magische krachten en bovennatuurlijke zaken. Het enige positieve aan het verhaal is dat Harry in ieder geval een goede magiër is, die zijn toverkunsten alleen aanwendt om het kwaad te bestrijden. En dat is dan ook wat hij doet. Ik kan me zeker voorstellen dat er mensen zijn die dit soort verhalen waarderen, helaas hoor ik daar niet bij.",0,unk,unk
14,"Zonder de achterkaft te hebben gelezen ben ik in dit verhaal begonnen. Blij toe want als ik de boek omschrijvingen van De Ontnuchtering en The Awakening vergelijk merk ik al behoorlijke verschillen.  Ik betrad de decadente rijke Frans-Amerikaanse (Cajun) society waar een frivool ""open"" omgangsvorm heerst. In een mooie sfeer omschrijving wordt neergezet wat voor die kringen en tijd betamelijk was als ""hoe het hoort"". Haar gesteldheid op Robert's aanwezigheid tijdens de vakantie groeit in verliefdheid. Edna gaat nadenken over haar innerlijk en formuleert hetgene dat ze werkelijk belangrijk vind: alleen van jezelf zijn. Eenmaal terug in Orleans maakt ze steeds meer keuzes in haar leven die dit openbaren, het is alleen geen openbaring waar haar vriendinnen en kennissen zich mee kunnen vereenzelvigen. Ze neemt afstand, gaat steeds meer haar eigen weg en bloeit op tot een opmerkelijke vrouw met charisma, energie, verlangens en dromen. De opinie van de maatschappij omtrent haar gedrag blijft echter drukken: ze is getrouwd en moeder, bij tijd en wijle overvallen haar sombere buien. Als zij na een zware beproeving waarbij haar het ""hoe het hoort , je bent moeder"" weer als enige levensdoel voor gehouden wordt van zich afschudt, wordt zij opnieuw enorm teleurgesteld als dromen niet blijken uit te komen. Er rest nog maar een keuze: voor zichzelf.  Nadat het verhaal afstandelijk begint ga je mee in de persoonlijkheids ontwikkeling van Edna, met een opmerkelijk eind. Ik vond het mooi. Is het een feministisch boek zoals ik ergens las? Ach, in de trant van zelfbewustwording van een autonoom mens wel; dat er meer is dan dat de vrouw moeder is in het gezin, onze alom geroemde ""hoeksteen van de maatschappij"". Maar niet in de extreme vorm van alleen maar zelfvervulling waar het soms naar neigt, in plaats van gelijkheid. Is het een boek over ""Seksuele Ontwaking"" ? Ik vind dat bij zelf ontdekking er zoveel aspecten zich ontwikkelen waarvan de seksuele er maar een is.   Wederom een voorkeur voor de engelse versie, voorbeeld: "" A bird with a broken wing was beating the air above, reeling, fluttering, circling disabled down, down to the water"" wordt vertaald als: ""Een gewonde vogel vocht tegen de wind, maar cirkelde wankelend en fladderend in de richting van het water"".  Een prettig boek, om Edna mee te mogen maken, ontdekte ook dat de originele titel ""A Solitary Soul"" is geweest, misschien wel meer toepasselijk.",1,unk,unk
15,"Tja omdat iedereen erover sprak, wou ik het ook lezen natuurlijk. Maar dan is je verwachting veel hoger. Ikzelf was helemaal niet enthousiast. Moeilijk in te komen niks spanning . Nee voor mij geen aanrader. 'Het is autobiografisch, helemaal waargebeurd maar toch zie je elementen van fictie in de stijl en vooral de opbouw, dat maakt het des te sterker.' - Win boeken voor je hele leesclub! We gaan Wil van Jeroen Olyslaegers luisteren via de gratis Hebban Luisterboeken-app. Doe je mee? 'Wat beweegt de jonge zwarte deelpachter Tucker Caliban om huis, vee en akkers te vernietigen en met vrouw en kind naar het Noorden te vertrekken?'- Win Uit de maat voor je hele leesgroep!",0,unk,unk
16,"Lars Kepler is het pseudoniem voor het Zweedse schrijversechtpaar Alexandra Coelho Ahndoril en Alexander Ahndoril. Hypnose is hun eerste misdaadroman en een enorm succes is Zweden maar ook in landen waar een vertaling van deze roman is uitgekomen. Door dit enorme succes wordt het echtpaar wel vergeleken met Stieg Larsson en Nicci French. Met de eerste omdat ook hij een Zweed is en heel goed scoorde met zijn millenniumserie en met Nicci French omdat dat eveneens een echtpaar is dat misdaadromans schrijft. Voor mij houden de vergelijkingen hiermee op. Lars Kepler heeft met Hypnose een meeslepende misdaadroman geschreven in een geheel eigen stijl en iedere verdere vergelijking met andere auteurs gaat mank. Erik Maria Bark is een arts die gespecialiseerd is in het behandelen van getraumatiseerde patiënten door middel van hypnose. Na een schokkende gebeurtenis 10 jaar geleden is hij gestopt met deze vorm van therapie en heeft zichzelf heilig beloofd zich nooit meer met hypnose in te laten. Erik is getrouwd met galeriehoudster Simone en zij hebben een zoontje Benjamin. Dan vindt er een gezinsdrama plaats. In een sportschool wordt de vader van een gezin op beestachtige wijze vermoord en in zijn huis treft de politie de echtgenote en een dochtertje aan. Beide zijn eveneens vermoord. De zoon van de familie is zeer ernstig gewond. Omdat de vrees bestaat dat een andere dochter van het gezin ook gevaar loopt, vraagt inspecteur Joona Linna aan Erik Maria Bark om de jongen onder hypnose te brengen zodat hij hem kan verhoren en op die manier een beeld van de moordenaar kan krijgen. Na lang aarzelen stemt Erik in en dat had hij beter niet kunnen doen. Er volgen een aantal vreselijke en gewelddadige gebeurtenissen die de levens van hemzelf en zijn gezin in groot gevaar brengen. Lars Kepler gebruikt iets meer dan 550 pagina´s om dit verhaal op te bouwen en toe te werken naar een spannende ontknoping. Veel pagina´s betekenen niet altijd kwaliteit maar in dit geval wel. Het boek is vanaf het begin boeiend en verveelt bijna nooit. Er is een gedeelte waarin de sessies met de patiënten die onder hypnose zijn, worden beschreven en dat gedeelte zou voor de leesbaarheid en de spanning best iets korter hebben gemogen, maar het doet aan de spanning van het totale verhaal niet echt afbreuk. Lars Kepler slaagt er heel goed in om geloofwaardige personages te scheppen. Inspecteur Joona Linna, Erik Maria Bark en zijn vrouw Simone en veel andere karakters worden beeldend beschreven en komen herkenbaar over. Zij zijn de hoofdrolspelers in een meeslepende misdaadroman die borg staat voor enkele uren ultiem leesplezier. Er ontwikkelt zich een plot met veel invalshoeken en wendingen en alles komt op aanvaardbare wijze bij elkaar tijdens de zenuwslopende ontknoping in het hoge noorden van Zweden. Hypnose is een uitstekende misdaadroman die vraagt om een vervolg met natuurlijk de sympathieke en deskundige inspecteur Joona Linna in de hoofdrol.",1,unk,unk
17,"Net zoals Sara Lindquist wil ik zelf ook wel wat nieuwe boekencategorieën uitvinden. Dit boekje catalogeer ik dan onder de term die ik net uitvond, nl RomKom-kolder. Kolder voor romantische komedies dus, en goede films in dit genre kan ik echt wel appreciëren. Maar dit boek zou denk ik niet tot zo'n goede film leiden: het bevalt me echt niet eerlijk gezegd. Als de Zweedse toeriste, Sara, aankomt in het kleine stadje 'Broken Wheel', Iowa, ontdekt ze dat haar oudere penvriendin Amy Harris net overleden is. Maar de inwoners van Broken Wheel ontvangen haar met de nodige gastvrijheid. Mede dankzij de voorraad boeken van Amy en met hulp van de inwoners kan ze een kleine boekenwinkel opstarten. Ik merk ook dat het louter name-droppen van boeken mij meer irriteert dan wat anders. En dan is er de liefde natuurlijk... Maar met zo weinig verbeelding, zo flauw en zouteloos, enz. Het lukt me niet om mee te leven met de personages, die voor mij veel te oppervlakkig blijven. Ik vind het ook allemaal zo onlogisch: alsof een buitenlandse die aankomt in een klein Amerikaans stadje zomaar zonder veel administratie te doorlopen zomaar een boekenwinkel mag opendoen met andermans boeken? Wat dan met al die reclame voor die green cards? ;-) Ik ben dus nog steeds op zoek naar een moderne Jane Austen of moderne Brontë. Dat waren, en zijn pas feelgood-romans!",0,unk,unk
18,"Govert Derix (1962) is schrijver, filosoof, columnist en docent. Hij publiceerde meer dan twintig boeken. In 2010 kwam zijn eerste roman uit. Sterrenmoord is zijn tweede roman.  In Sterrenmoord is van het ene op het andere moment de gehele sterrenhemel verdwenen. Over de hele wereld dringt het besef door dat er geen sterren en maan meer zijn. Onder leiding van de Koninklijke Londense Astronoom Barnaby Emperor probeert men achter de oorzaak te komen. Er ontstaat totale verwarring en chaos op de aarde door dit bizarre fenomeen. Er is een toename van zelfmoorden en moorden. Ondertussen zijn er vanuit verschillende landen waarnemingen van een mysterieus meisje. Wie is zij en wat heeft zij met het mysterie te maken? De introductie van Sterrenmoord belooft een geweldig spannend verhaal die je deze zomer vooral niet mag missen. Het begint met een aantal citaten van mensen die erg onder de indruk zijn van het boek. Des te groter was de teleurstelling al na de eerste bladzijdes. De eerste honderd bladzijdes krijgen we voornamelijk een lesje geografie, landen waar de sterren niet meer te zien zijn. Dit beschrijft Govert Derix tot in den treure. Het verhaal is verder erg chaotisch, ongeloofwaardig en mist verdieping. Er wordt teveel met losse flodders geschoten, nergens is het echt raak. Sterrenmoord is niet spannend te noemen, eerder vreemd. Dit boek schittert niet tussen de toppers van deze zomer.  Eindoordeel **  Plot * Spanning ** Leesplezier ** Schrijfstijl * Originaliteit ** Psychologie **",0,unk,unk
19,Indrukwekkend stuk journalistiek om te achterhalen wat er nu echt gebeurd is die vrijdag 13 mei 2000. Wat is de waarheid achter de vuurwerkramp in Enschede? Waarom zijn bepaalde mensen zo zenuwachtig en wordt er gelogen. Waarom is justitie zo blij met de zogenaamde brandstichter? Is het om niet verder te moeten zoeken? Wat mag er niet geweten worden? Wat lag er precies allemaal op dat terrein? Gebeurden er illegale activiteiten? Dit boek leest als een thriller.,1,unk,unk
20,"Rachel is een alcoholiste (aan de drank geraakt door het niet kunnen krijgen van kinderen), gescheiden van Tom, die inmiddels weer gelukkig getrouwd is, ze is inmiddels ook ontslagen, maar om de schijn op te houden neemt ze nog steeds de trein die ze voorheen naar haar werk nam. De trein staat altijd stil bij haar oude buurt voor een sein, en zo houdt ze een stel in de gaten (Megan en Scott) die zo te zien gelukkig is, totdat ze wat vreemds ziet gebeuren. Als ze hoort dat Megan daarna spoorloos verdwenen is, besluit ze op onderzoek uit te gaan en belandt ze weer in haar oude buurt, zeer tot tegenzin van haar ex en zijn huidige vrouw.  Ik begrijp werkelijk niet waarom mensen zo laaiend enthousiast hebben gereageerd op dit boek, het zal wel door de laagdrempeligheid van het boek zijn, waardoor het voor een hoop mensen toegankelijk is, ik heb in de vakantie 3 thrillers gelezen en deze was absoluut de minste.",0,unk,unk
21,"Tijdens het verhaal voel je constant een soort dreiging; je bent je bewust van de angsten waar Elliot mee te maken heeft. Deze zijn angstaanjagend duidelijk beschreven door de auteur. Wanneer Elliot gedwongen wordt naar buiten te gaan gebeurt er een heleboel en verandert het boek in een spannend avonturenverhaal met heel veel brutale acties. Deze acties hadden voor mij iets minder heftig mogen zijn als je kijkt naar de leeftijdsgroep waarvoor het boek geschikt is. De gebeurtenissen worden beschreven vanuit verschillende, wisselende perspectieven en zijn goed te volgen. De enorm opgebouwde spanning wordt daardoor gelukkig onderbroken.  De angst van Elliot zie je veranderen in woede; een tijdelijke woede die hij eigenlijk niet kan plaatsen maar die hem toch goed uitkomt op dat moment. ‘Je kunt mij niet vermoorden’, zeg ik terwijl ik diep in zijn ogen kijk. ‘Ik ben al dood.’  Elliot beseft uiteindelijk dat hij is zoals hij is en dat dat niet erg is. De vertelstijl verandert regelmatig, maar dat past prima binnen dit verhaal. Dit is het eerste verhaal van Kevin Brooks waar ik mee kennismaak, maar ik kan deze bijzondere manier van vertellen erg waarderen. 'Wat beweegt de jonge zwarte deelpachter Tucker Caliban om huis, vee en akkers te vernietigen en met vrouw en kind naar het Noorden te vertrekken?'- Win Uit de maat voor je hele leesgroep! 'Het is autobiografisch, helemaal waargebeurd maar toch zie je elementen van fictie in de stijl en vooral de opbouw, dat maakt het des te sterker.' - Win boeken voor je hele leesclub! We gaan Wil van Jeroen Olyslaegers luisteren via de gratis Hebban Luisterboeken-app. Doe je mee?",1,unk,unk
22,"Het verhaal  Een eigen eiland speelt zich af op het Spaanse eiland Ibiza. De auteur bracht haar jeugd door op dit eiland, vandaar dat ze details over het landschap, de mensen en de taal, voortreffelijk weet te verwoorden. Het verhaal speelt zich af van maart 1987 tot en met september 1987 met als hoofdpersoon Marianne van 17 jaar. Marianne is nog een puber, die zich helemaal zelf moet zien te redden in de oude en verlaten villa van haar vader. Haar vader (Ron) zit in Groot-Brittannië in de gevangenis als gevolg van een drugsdelict. Haar moeder (Madresh) woont op het eiland Formentera, een eiland 7 km ten zuiden van Ibiza. Zij leeft als een soort hippie en lijkt zich niet zoveel aan te trekken van het leven van haar dochter. Marianne houdt van drank, xtc, seks en feesten en verkeert hierdoor geregeld is een soort roes. Naderhand moet ze van anderen horen wat ze heeft gezegd of heeft gedaan. Dit leven doet me een beetje denken aan de flowerpowerperiode tijdens de jaren 60; het leven dat haar moeder geleefd heeft …  Mijn leeservaring  Op het cover zijn een jonge vrouw in hippiekleding – in haar hand een sigaret - en een peuter met een flesje melk in de hand afgebeeld. Ze lopen over straat. Een cover dat de sfeer van de jaren 60 weergeeft.  Marianne ontduikt alle regels, zo ook de verkeersregels. Op een dag wordt ze aangehouden door de beruchte Guardia Civil als ze zonder helm en rijbewijs en zonder verzekeringspapieren op de motor van haar vader rijdt. Haar oog valt op een aantrekkelijke agent en vanaf dat moment kan ze hem niet meer uit haar gedachten zetten met alle gevolgen van dien… Je wordt door de auteur meegezogen in het verhaal van Marianne en beleeft als het ware mét haar haar losbandige bestaan en de angst om gesnapt te worden met pillen en grote hoeveelheden cash geld. In het laatste gedeelte van het boek komt de echte problematiek van Marianne naar boven. Eigenlijk is zij niet zo stoer en onafhankelijk als zij zichzelf voordoet: ze is op zoek naar geborgenheid, veiligheid en vooral naar liefde en een gewone wereld. Ze krijgt dan een goede raad: “We zijn er niet op gebouwd om op een eigen eiland te leven."" We hebben elkaar nodig om verder te leven …  Ik vond het een zeer boeiend en aangrijpend boek. Het leest vlot. De onrust, de eenzaamheid, de angst en de verwarring van Marianne zijn voor de lezer voelbaar en je wordt op een fijne manier meegezogen in het verhaal. Een verhaal met een duidelijke boodschap! Ik kan het boek zeker aanraden en ik geef het 4 sterren!",1,unk,unk
23,"Dit is het derde deel van Het Programma. Het verhaal speelt zich af vóór het eerste deel. Het verhaal gaat over Quinn die een sluiter is, ingehuurd door families die hun kind zijn verloren. Het is een apart, spannend verhaal wat je ook makkelijk los van de eerste twee delen kunt lezen. Toch is het beter om ze wel allemaal gelezen te hebben, zo snap je het einde toch wel beter, denk ik.  Het boek leest gemakkelijk en snel, en je wilt snel doorlezen. Vooral het einde is zeker spannend en eigenlijk zou er wel een vervolg op dit losse verhaal moeten komen, vind ik. Ook ben ik er nog steeds een voorstander van om dit boek (deze serie) te verfilmen, ik zou er echt benieuwd naar zijn! Al met al een goed, spannend, los verhaal en ik vind het jammer dat deze serie nu klaar is. Nu ben ik zeker nieuwsgierig naar meer boeken van Suzanne Young.",1,unk,unk
24,"Ja!  Eindelijk een thriller met de ***** kwaliteit waar ik van hou! De nachtploeg is een pakkend, grimmig verhaal over vrouwen die helemaal klem zitten in de moderne Japanse samenleving. De ondertitel 'literaire thriller' klopt trouwens wel. Natsuo Kirino heeft een heel eigen, soepele stijl en hoe makkelijk dit boek ook leest, de inhoud is klasse. Bovendien: uitstekend vertaald. Wanneer komt de volgende Natsuo Kirino?",1,unk,unk
25,"Becky Abertali (auteur van oa. Simon vs.) en Adam Silvera (Op het einde gaan ze allebei dood) bundelden voor dit boek hun krachten en , zoals verwacht, was What if it’s us perfect. Ik had het niet gedacht, want samen een boek schrijven lijkt me een hele opgave. Maar de schrijfstijl van de schrijvers paste op zo’n leuke en verrassende manier samen dat het een mooi harmonieus geheel vormde.  Dit verhaal gaat over Arthur en Ben die door de krachten van het universum elkaar leren kennen in een postkantoor. Hun relatie gaat niet van een leien dakje, maar een ding is zeker: er is vuurwerk. Heel veel vuurwerk. Toch is dit niet het alledaagse liefdesverhaal. Het gaat ook over jezelf ontdekken, omgaan met relaties én tiener zijn. Ook durft dit boek soms onverwachte bochten te nemen, waardoor je als lezer helemaal in het verhaal wordt gesleurd en meevoelt met de personages.  Zonder het er te dik op te leggen, geeft dit boek een heel belangrijke boodschap mee aan de lezer. Het gaat over de universaliteit van de liefde. Dat liefde niet verbonden is aan een gender en dat het gewoon liefde is. Toch laat dit boek ook zien dat dat niet voor iedereen als vanzelfsprekend wordt ervaren en hoe die confrontaties soms leiden tot pijnlijke situaties. Het doet je dingen begrijpen op een frisse, eigentijdse manier. And I love it.  Bovendien vond ik de personages geweldig. Ze zijn levensecht. Het zijn fanboys van Hamilton, The Sims en eigenlijk alles wat een tiener vandaag de dag bezighoudt. Ook de humor in dit boek was on top. Vanaf pagina een lees je dit boek met een glimlach op je gezicht.  Ik moet dus echt wel bekennen dat Abertali & Silvera een super boek hebben neergeschreven dat herkenbaar is voor elke tiener in deze mediawereld. Ik hield van de zachte, zoete momenten, maar ook van de realistische, harde. Dit boek is –cliché, ik weet het – een rollercoaster van emoties. Maar ik ben blij dat mijn glimlach is blijven hangen op het einde.  Ik raad dit boek aan aan iedereen die een liefde voor contemporary en humor heeft. Als je bovendien nog eens houdt van leuke Harry Potter-referenties, dan raad ik je aan om nu meteen naar de boekhandel te rennen. 'Het is autobiografisch, helemaal waargebeurd maar toch zie je elementen van fictie in de stijl en vooral de opbouw, dat maakt het des te sterker.' - Win boeken voor je hele leesclub! On The Come Up is een krachtig verhaal over hip hop, vrijheid van meningsuiting en vechten voor je dromen, ook al werken je omstandigheden niet mee. Schrijf je in voor de Epic Reads-leesclub! 'Wat beweegt de jonge zwarte deelpachter Tucker Caliban om huis, vee en akkers te vernietigen en met vrouw en kind naar het Noorden te vertrekken?'- Win Uit de maat voor je hele leesgroep!",1,unk,unk
26,"Graham Norton neemt je mee naar het kleine dorpje Duneen in Ierland. Norton schrijft heel mooi en duidelijk over dit dorpje en het is zeker voor lezers uit kleine dorpjes gelijk heel herkenbaar.  In dit kleine dorpje hebben ze 1 agent P.J Collins een hele rustige goedzak, die echt aan de bak moet omdat er tijdens graafwerkzaamheden mensenlijke resten worden gevonden. Nu heeft hij eindelijk echt iets aan zijn politieopleiding, en wil de zaak grotendeels zelf oplossen. Maar hij krijgt wel hulp uit de grote stad om dit op te lossen. Tijdens het onderzoek stuit Collins al gauw op geruchten dat het hier zou gaan om Tommy Burke. En de grote vraag is dan ook wie weet hier meer van, want in een klein dorp waar het ons kent ons is moet je daar natuurlijk gauw achter kunnen komen. Op deze zoektocht komt hij in contact met 2 soort van exen van Tommy, Evelyn en Brid en deze brengen allerlei gevoelens boven bij P.J Collins.   Graham Norton heeft hiermee een detective achtig boek geschreven, wat zich prima leent voor de tv, zag het zelf al voor me, en met de personages heeft hij ook een soort van je houdt van ze gevoel gemaakt zodat er hopelijk nog meer van deze boeken volgen. Het is knap dat Graham je in dit boek steeds meeneemt van het ene personage en dan weer naar de andere, zodat je steeds denkt dat je denkt te weten hoe het zit en eigenlijk nog steeds niet achter de geheimen bent. We gaan Wil van Jeroen Olyslaegers luisteren via de gratis Hebban Luisterboeken-app. Doe je mee? 'Wat beweegt de jonge zwarte deelpachter Tucker Caliban om huis, vee en akkers te vernietigen en met vrouw en kind naar het Noorden te vertrekken?'- Win Uit de maat voor je hele leesgroep! 'Het is autobiografisch, helemaal waargebeurd maar toch zie je elementen van fictie in de stijl en vooral de opbouw, dat maakt het des te sterker.' - Win boeken voor je hele leesclub!",1,unk,unk
27,"The Boy at the door is het verhaal rondom Cecilia Wilborg, die op een dag wordt geconfronteerd met de achtjarige Tobias. Deze jongen zorgt ervoor, dat het tot dat moment perfecte leventje van Cecilia behoorlijk op zijn kop wordt gezet.  Laat ik beginnen met de positieve punten: Alex Dahl is absoluut een auteur met kwaliteiten. Het verhaal is op zich goed in elkaar gezet, met redelijke personages. Maar als ik een boek lees, waarop op de kaft het etiket 'Thriller' staat verwacht een boek dat op een of andere manier een bepaalde spanning heeft. In dit verhaal heb ik echter werkelijk geen enkele vorm van spanning kunnen ontdekken.  Omdat dit boek als thriller in de markt is gezet ben ik van mening dat het ook als zodanig moet worden beoordeeld. Helaas kan ik dan niet anders dan het boek als een misser beoordelen. Helaas kom ik dan voor The boy at the door niet verder dan 1 ster. We gaan Wil van Jeroen Olyslaegers luisteren via de gratis Hebban Luisterboeken-app. Doe je mee? 'Het is autobiografisch, helemaal waargebeurd maar toch zie je elementen van fictie in de stijl en vooral de opbouw, dat maakt het des te sterker.' - Win boeken voor je hele leesclub! 'Wat beweegt de jonge zwarte deelpachter Tucker Caliban om huis, vee en akkers te vernietigen en met vrouw en kind naar het Noorden te vertrekken?'- Win Uit de maat voor je hele leesgroep!",0,unk,unk
28,"Er gebeurt iets vreemds op het vliegveld JFK. Een boeing 777 is aan het landen en ineens is de communicatie weg……Radiostilte……. Het vliegtuig is veilig aan de grond gekomen. Toch klopt er iets niet! Het is muisstil. Alle rolluikjes zitten dicht…….. Als Eph Goodweather met zijn team van het CDC het vliegtuig binnen gaat, schrikken ze! Alle passagiers zijn dood, maar hoe? Dat proberen ze te weten te komen. Als met hun onderzoek bezig zijn vinden ze toch nog 4 overlevenden, zij gaan meteen in quarantaine. Het blijkt om een virus te gaan, maar geen een zoals wij het kennen……. Ze vinden een vreemde kist aan boord, gevuld met aarde..Nu zie ik je meteen al denken…… De lijken hebben geen rood bloed meer, maar witte blubberige massa in hun aderen. Op een gegeven moment verdwijnen alle 199 doden uit de mortuaria in de stad. Ze worden overal gespot, naakt, wandelend en met een vreemde blik in hun ogen… Het einde van de mensheid is nabij, want de manier waarop deze wezens zich voeden is gruwelijk en razendsnel! Voor de mensen die van horror houden echt een aanrader. Kreeg van mij 4 sterren. Het is heel origineel. Het eerste van een trilogie. Je word in het boek gezogen..wat een enorme leuke uitspraak is omtrent het thema van dit boek…De Meester is dus de baas, en hij wil de mensheid vernietigen! Eph en zijn team doen hun best om dit te voorkomen…. Hij word vergezeld door Nora, zijn collega, een oude joodse man en een rattenvanger;-) Een echte aanrader dit boek..ik verklap niets meer, lezen dus!",1,unk,unk
29,"I voluntarily reviewed an Advance Reader Copy of this book.  OMG this book is.... there are no words for it. This book is AMAZING. And the epilogue, wow. I loved every word. This book left me with a big smile and tears streaming down my face, in a very good way.  Rebecca Yarros proved again what an amazing writer she is. She makes you feel everything tge characters are feeling.  I loved Nova and especially Wilder very, very much, but I think Rebel is my favorite.  Rebel is the third and last installment in an amazing trilogy about the Renegades. Rebel is the only original female Renegade and I loved that this book was about her. And Cruz was very swoon worthy. 'Wat beweegt de jonge zwarte deelpachter Tucker Caliban om huis, vee en akkers te vernietigen en met vrouw en kind naar het Noorden te vertrekken?'- Win Uit de maat voor je hele leesgroep! We gaan Wil van Jeroen Olyslaegers luisteren via de gratis Hebban Luisterboeken-app. Doe je mee? 'Het is autobiografisch, helemaal waargebeurd maar toch zie je elementen van fictie in de stijl en vooral de opbouw, dat maakt het des te sterker.' - Win boeken voor je hele leesclub!",1,unk,unk
30,"Deze stand-alone van Karen Slaughter is weer een meestwerkje van de Queen of Crime. Charlie raakt op jonge leeftijd betrokken bij een groot drama, haar moeder wordt voor haar ogen doodgeschoten en haar zus levend begraven. En dat allemaal omdat haar vader Rusty advocaat is van het tuig uit de regio. Dertig jaar later heeft ze haar leven verkloot, haar man is bij haar weg, ze werkt als advocate voor drugskoeriers en deelt een kantoor met haar vader. Dan wordt ze betrokken bij een school shooting, de 18-jarige Kelly wordt gevonden met een pistool in haar hand en een dode rector en een dood kind in de gang. De hele wereld weet dat ze schuldig is maar Rusty neemt haar verdediging op zich en trekt Charlie terug in de wereld die ze heeft willen verlaten. Het is een heerlijk spannend boek waarbij door de kleine perspectiefwisselingen steeds een beetje meer bekend wordt. Het is net wat minder gruwelijk dan haar andere boeken en dat is ook wel prettig. De herhalingen van wat er gebeurd op de avond dat haar moeder overlijd zijn echter iets te overvloedig en dat is jammer, terwijl we wel elke keer iets nieuws te weten komen. De karakters ontwikkelen zich goed en je leeft ontzettend mee met Charlie en haar familie. Een rasechte pageturner die ik binnen een paar dagen uitlas. We gaan Wil van Jeroen Olyslaegers luisteren via de gratis Hebban Luisterboeken-app. Doe je mee? 'Wat beweegt de jonge zwarte deelpachter Tucker Caliban om huis, vee en akkers te vernietigen en met vrouw en kind naar het Noorden te vertrekken?'- Win Uit de maat voor je hele leesgroep! 'Het is autobiografisch, helemaal waargebeurd maar toch zie je elementen van fictie in de stijl en vooral de opbouw, dat maakt het des te sterker.' - Win boeken voor je hele leesclub!",1,unk,unk